U_DPTO,U_MPIO,v_analfabeta,v_bajo_nivel,v_edad_riesgo,v_trabajo,v_calidad_salud,v_cocina,v_agua,v_hacinamiento,mpio_code,IV_mpio
5,1,0.03228857561529275,0.26052256574221333,0.205170318485262,0.2886958121089822,0.012991339779055665,0.004189948077395456,0.037095641574707364,0.03896635578176937,05001,0.07706246892086009
5,2,0.09907682162875041,0.6000109902187053,0.2423343224530168,0.3406418287723926,0.009946147928343774,0.006813935597318387,0.3493790526431476,0.06379821958456973,05002,0.18888436706083886
5,4,0.06825795644891122,0.4694304857621441,0.2319932998324958,0.35343383584589616,0.0037688442211055275,0.007956448911222781,0.4108040201005025,0.07077051926298157,05004,0.18345857305007984
5,21,0.08877551020408163,0.5364795918367347,0.24489795918367346,0.33418367346938777,0.0020408163265306124,0.009183673469387756,0.2788265306122449,0.03571428571428571,05021,0.16272468759748904
5,30,0.07753885917363679,0.42560218257529525,0.20307283627095524,0.3498223067810604,0.011953907455935671,0.00850773593710737,0.0671285493771763,0.05241052518218042,05030,0.11279526673984487
5,31,0.10316626307853977,0.5153744231735734,0.18860510805500982,0.28679124594508154,0.010051628820761183,0.01439210490245351,0.42020377392972996,0.07323982272581898,05031,0.1907163635054452
5,34,0.10082230961744726,0.5101894887379335,0.21418356402267735,0.31776393074212167,0.015092701363706012,0.006997293018029521,0.3651361152254967,0.05763828591858624,05034,0.179836240397248
5,36,0.0957089183310263,0.5230373739371169,0.22305714850701996,0.339133873838244,0.02214751829147716,0.02175202689341507,0.13842198932173225,0.07692307692307693,05036,0.14617685579857617
5,38,0.1271592269539935,0.577304600649906,0.20189840944073884,0.3683940482298615,0.014109799897383273,0.009919616897554301,0.297588506926629,0.1068924234650248,05038,0.18937356597262292
5,40,0.10876211539712483,0.5567553502894685,0.16925778963117152,0.29590841085019187,0.009757366811943016,0.027190528849281206,0.5236453522409419,0.10687569114681585,05040,0.22177444917854058
5,42,0.08559072144682524,0.44619618635738156,0.2037350108118734,0.2781206998230784,0.01324945940632986,0.036288578730096326,0.13292706899941026,0.08283860821702378,05042,0.13360123306198562
5,44,0.13796296296296295,0.5964506172839507,0.2013888888888889,0.3089506172839506,0.006944444444444444,0.037654320987654324,0.2932098765432099,0.08780864197530865,05044,0.18913406258726623
5,45,0.062300590454189314,0.339490965485489,0.15547280760563154,0.26903225285332344,0.019700653457509106,0.02544364837685678,0.11787274944872095,0.11757388754715152,05045,0.11754239847501428
5,51,0.1207385877927851,0.4533082578218499,0.20318003077449137,0.349564028038981,0.012925286373739102,0.11201914857240554,0.4892460249615319,0.1550008548469824,05051,0.23533831975310746
5,55,0.098207780853854,0.5471368206323766,0.22176890572635874,0.31167128078099954,0.009908203409587644,0.008596823546553984,0.42532420224391665,0.05376657438438001,05055,0.19328096198663106
5,59,0.16597767672591981,0.6076891277387351,0.2804878048780488,0.40016535758577926,0.011988424968995453,0.01653575857792476,0.2930963207937164,0.028937577511368336,05059,0.19326632365099222
5,79,0.05974753948769201,0.3950724574706151,0.20340235079409913,0.30125795728594085,0.024311816976991765,0.00308514567536446,0.28044408716622854,0.042409889847263564,05079,0.14179390905784395
5,86,0.07570806100217865,0.477124183006536,0.1793754538852578,0.29411764705882354,0.00907770515613653,0.004720406681190995,0.46695715323166304,0.09967320261437909,05086,0.19355800320588284
5,88,0.030795836435231407,0.2640431822684926,0.1813489842125411,0.28936044151791984,0.015300773502769106,0.004616778527363069,0.09169499252658976,0.03877901597213005,05088,0.08595611578431524
5,91,0.128315649867374,0.5905172413793104,0.21850132625994695,0.3437223695844385,0.009725906277630416,0.021662245800176835,0.4942528735632184,0.07935455349248453,05091,0.22371810427025007
5,93,0.14618437317025568,0.5898119836054908,0.19218007937024267,0.3267842040205582,0.01639450914058942,0.005725066684015354,0.33576214950230954,0.07657276689870536,05093,0.1922119085285817
5,101,0.10985268168574829,0.5166399934342812,0.22237268661003734,0.3268086503344413,0.011038614633345644,0.01374697361401781,0.2620952849932291,0.06028150519102138,05101,0.16522860545938536
5,107,0.13180169286577992,0.602932285368803,0.1735187424425635,0.32889963724304716,0.008464328899637243,0.03189238210399033,0.49077992744860943,0.10126964933494559,05107,0.2261848617080039
5,113,0.11071107110711072,0.5508550855085509,0.20187733059020188,0.3509065192233509,0.018387553041018388,0.04590459045904591,0.18837598045518839,0.15275813295615276,05113,0.17640601596856703
5,120,0.1540824635428233,0.5455252054186098,0.1826189947442446,0.2854023243763417,0.01524909319712784,0.047116736990154715,0.7613813013546524,0.23558368495077356,05120,0.2985443365328481
5,125,0.11867808402461867,0.5814824725715815,0.19132994380519133,0.32807064490232807,0.014985282312014986,0.03572384265453572,0.27495317099277494,0.0862991704575863,05125,0.1815296650208544
5,129,0.03473118142220292,0.3155696348052678,0.20534699247640092,0.3140368132640157,0.021868253988529384,0.00410029762284926,0.06847880235543577,0.03368375336901401,05129,0.08992821505820481
5,134,0.14408120221460585,0.6405220142367519,0.19219615080411284,0.319667809122067,0.008832059056156078,0.011995781703137358,0.5027682573161086,0.13551278671236489,05134,0.23743141233448492
5,138,0.10236783747049145,0.4935975391658917,0.23292080978610774,0.3339294656270119,0.01359181629587238,0.04084698476285857,0.37384648401173187,0.1310537234423063,05138,0.2000693326858426
5,142,0.10293031273085447,0.5385373060822457,0.2627431667077075,0.30755971435606994,0.004432405811376508,0.01108101452844127,0.23540999753755232,0.042846589509972915,05142,0.15862254489102287
5,145,0.0818926296633303,0.5507279344858963,0.24181073703366698,0.3662420382165605,0.005232029117379436,0.005686988171064604,0.25250227479526843,0.04799818016378526,05145,0.16152733896669688
5,147,0.07772140706902722,0.3786076668841968,0.15015893733027388,0.27311959244679285,0.009620445024524768,0.007620571332336905,0.24781592741511063,0.14218049386354545,05147,0.14845543627834984
5,148,0.05848824973693441,0.3570501578393546,0.18910908453174324,0.2618554893019993,0.018502279901788845,0.00592774465099965,0.07495615573482989,0.04754472115047352,05148,0.09729150899184792
5,150,0.0662751677852349,0.38171140939597314,0.24552572706935122,0.39177852348993286,0.013143176733780761,0.010067114093959731,0.19686800894854586,0.049217002237136466,05150,0.13597059312956944
5,154,0.0838286307695707,0.3885415055569058,0.1829138955787799,0.2661680549724917,0.014483307187520713,0.06379946529971939,0.16648622373450583,0.1488322764533021,05154,0.14759965612170406
5,172,0.09887168366482567,0.40051841561345847,0.16580828787314064,0.2958696167790465,0.008724968657879579,0.0284112086199302,0.22639175956358215,0.12790973469318606,05172,0.15361976617025103
5,190,0.0539891395154553,0.41426482873851295,0.24289891395154553,0.3802213868003342,0.004177109440267335,0.1067251461988304,0.4044486215538847,0.04438178780284043,05190,0.18825564646954107
5,197,0.10127511849923226,0.53488216836905,0.24447559917217437,0.3695840843848054,0.021630282395353494,0.017224113759262968,0.36010414580412575,0.0739034648507911,05197,0.19146730185277763
5,206,0.07662274280136652,0.5143972669594924,0.25036603221083453,0.3301610541727672,0.004636408003904344,0.002440214738897023,0.5226939970717424,0.06832601268911664,05206,0.20847628482840297
5,209,0.15598238316613652,0.5853315390261806,0.22112796672375826,0.3972351357964277,0.008502569121605089,0.007829703939319794,0.4374235380474676,0.0652679226816736,05209,0.2164992272571637
5,212,0.03419858368242569,0.26831488130859765,0.1989951127069619,0.29513265509674846,0.01851436265709156,0.005348593656493118,0.05728854977059645,0.025234390584480352,05212,0.08021377164903325
5,234,0.1814604098045087,0.554733284852633,0.20648500663044872,0.2836976515378363,0.003079950378577234,0.06378063908970355,0.5524233220687,0.2651751721777816,05234,0.27363766192721073
5,237,0.0404652458559688,0.40061289873241396,0.19125226354645494,0.24376654130101685,0.0037609694943585457,0.0021590750800947207,0.15621952918233736,0.042833263685750106,05237,0.10958417461499806
5,240,0.12142378719739738,0.5926705578413549,0.27279686154434984,0.37833700124390013,0.02248588651803655,0.03970911874461774,0.130418141804612,0.06554396708448952,05240,0.16254623168390175
5,250,0.1169939712290336,0.473944965080881,0.17431703774448357,0.2688871644879524,0.00539206908215444,0.12027696531964424,0.2973596768737937,0.21273801707156928,05250,0.20445412115449604
5,264,0.03665785997357992,0.38276089828269483,0.18152796125055043,0.2670629678555702,0.008696609423161602,0.00297225891677675,0.19429766622633202,0.026970497578159402,05264,0.11298038796327621
5,266,0.014962616185260095,0.17476081176283434,0.2354703088425789,0.2848123991546031,0.008381246733177283,0.0034224939208690316,0.02689362088948481,0.01158102856623412,05266,0.06064400433928174
5,282,0.08549516162240066,0.5003603047148446,0.251183858348775,0.3574222771257978,0.025015441630636195,0.014103355981058266,0.2336318715256331,0.04946469013794523,05282,0.15727790039053843
5,284,0.14368150518863348,0.5252642808650956,0.21860149355057706,0.2970128988458927,0.0032974493259625643,0.04800698283386674,0.36892638929298804,0.22999709048588884,05284,0.22324698983831015
5,306,0.061940928270042196,0.48067510548523207,0.21670886075949367,0.30818565400843884,0.012320675105485231,0.015021097046413502,0.19341772151898734,0.08624472573839663,05306,0.1436567785838329
5,308,0.04183161004431315,0.30603643525356966,0.196218611521418,0.30981782373215166,0.01585425898572132,0.003013293943870015,0.11925160019694732,0.04137863121614968,05308,0.0994807022147888
5,310,0.06553456110978235,0.5019134178426213,0.24683090169815833,0.350872996890696,0.016024874431954078,0.017101171968428606,0.29024156900263093,0.06756756756756757,05310,0.16641489469891962
5,313,0.0880127863612147,0.5391582312200319,0.24315396909962705,0.31166755460841766,0.013425679275439532,0.0031965903036760787,0.16526371870005327,0.09227490676611615,05313,0.14978968838734136
5,315,0.11160058737151249,0.5315712187958884,0.2028063305596345,0.34818077989884155,0.0034263338228095936,0.005873715124816446,0.4189916789035732,0.0770109316364823,05315,0.19702554188636018
5,318,0.04256448115166336,0.33497900613666776,0.2153831956812624,0.3101093526507636,0.021386056383518665,0.007290176717574863,0.13295344437779727,0.038988603331333915,05318,0.10689689903512305
5,321,0.02686608502977427,0.33194848358953055,0.22573050823985596,0.2951114804043761,0.012325162719844896,0.004154549231408392,0.041268522365323364,0.017172136823154688,05321,0.08157964390832909
5,347,0.09415720891130727,0.573139974779319,0.25241698192517864,0.38314417822614544,0.01912568306010929,0.01828499369482976,0.12295081967213115,0.05527532576712905,05347,0.14795934171567257
5,353,0.0964397496087637,0.5091940532081377,0.24041471048513302,0.38615023474178406,0.013497652582159625,0.008215962441314555,0.30164319248826293,0.05516431924882629,05353,0.17282976333801575
5,360,0.025700674557445083,0.2521674510775328,0.1991506104762828,0.2947482166768981,0.021661945841545415,0.004850064440160401,0.03410841024867799,0.03405456053246599,05360,0.07453268927833887
5,361,0.12095112503090744,0.5123217670815132,0.15911151405258386,0.24070716228467814,0.0037088931014588314,0.011044259457677409,0.5418280721997857,0.10380779691749774,05361,0.21544653757735416
5,364,0.06752650415288,0.4599905462894186,0.24296036194206225,0.32682828009993925,0.007495441960969681,0.0293740293065028,0.2360051320143156,0.045310284286582486,05364,0.1484979759885554
5,368,0.07447546384602047,0.45283509623721174,0.2635685798508757,0.35096237211721865,0.006762614877752731,0.007456216403676088,0.18562510837523843,0.03520027744061037,05368,0.13734127271459695
5,376,0.034546682795783386,0.3252478280678051,0.20404379997800576,0.26935101252101235,0.020187579532779287,0.008734859315350415,0.08378238260569022,0.02611031687430286,05376,0.09007680693129148
5,380,0.030064219002531572,0.26080924524793686,0.1935437733312356,0.263927227998913,0.016648311569432327,0.0012729379120957707,0.046884162649999284,0.031680421070698114,05380,0.07480349096692342
5,390,0.10729800173761946,0.45199826238053864,0.18082102519548218,0.3062554300608167,0.01444396177237185,0.02443527367506516,0.060599478714161596,0.10469157254561251,05390,0.1267718564061306
5,400,0.0613540197461213,0.4618241654913023,0.19539257169722615,0.24941231781852374,0.041795956746591444,0.0037611659614480487,0.15444287729196052,0.04409967089797837,05400,0.12305562214511345
5,411,0.08863080684596578,0.528239608801956,0.23753056234718825,0.3949877750611247,0.014425427872860636,0.0070904645476772615,0.1528117359413203,0.08777506112469438,05411,0.15135810089361615
5,425,0.10145688410552565,0.5200157500984381,0.2296889355558472,0.30266439165244785,0.010237563984774906,0.02178763617272608,0.3117206982543641,0.0778317364483528,05425,0.17638884576674915
5,440,0.03588487816675736,0.345803857548824,0.1915623677368644,0.28447910998246567,0.01735292339319185,0.03136525787532499,0.046345002720841647,0.04542293971824173,05440,0.09204241806847456
5,467,0.089332892998679,0.5797556142668429,0.26420079260237783,0.38523778071334214,0.0074306472919418755,0.01238441215323646,0.4440224570673712,0.06704095112285337,05467,0.20825363100139524
5,475,0.21008753647353065,0.5233430596081701,0.1865360566902876,0.24510212588578575,0.0035431429762401,0.032096706961233845,0.9856190079199667,0.37807419758232597,05475,0.3665187374873064
5,480,0.15938947528286126,0.5290454856101451,0.1792087478168426,0.25810615840230844,0.014731566557825196,0.06378616447718126,0.5649631710836054,0.2405649631710836,05480,0.2630238030039088
5,483,0.12514311884588963,0.608541332722693,0.2387222349438974,0.34600412182276163,0.014884359972521181,0.007671170139683993,0.6024730936569728,0.06217082665445386,05483,0.24170584612906665
5,490,0.11730428741119255,0.47161523117954235,0.18386785898384098,0.3139469732625115,0.013335126291490172,0.13792330621484122,0.6951522893834465,0.16865012662766982,05490,0.27760118107405707
5,495,0.10865712338104976,0.4937968643490116,0.18701431492842535,0.25538513974096794,0.011860940695296524,0.23858214042263123,0.41301976823449216,0.18023176550783912,05495,0.24017705877428172
5,501,0.1093145869947276,0.5117750439367311,0.254481546572935,0.31388400702987695,0.002460456942003515,0.01054481546572935,0.11072056239015818,0.08260105448154657,05501,0.1404273258749641
5,541,0.045316070068545315,0.43488194973343486,0.23011641823523013,0.32825590251332826,0.023446850179523446,0.008976172342508975,0.07561745185507562,0.041235991731041234,05541,0.109047970216904
5,543,0.1560662016140063,0.5932157023662974,0.2124196416358911,0.2955819997264396,0.011899876897825195,0.061414307208316234,0.21556558610313226,0.19819450143619205,05543,0.20038639691259724
5,576,0.11344086021505376,0.555241935483871,0.24126344086021506,0.36236559139784946,0.0068548387096774195,0.0036290322580645163,0.4368279569892473,0.049327956989247315,05576,0.20157501756009227
5,579,0.0876203442575124,0.41174754449090734,0.1938150345229991,0.27474958669648936,0.015194982009141302,0.019206457259554603,0.10429835651074588,0.10018963337547408,05579,0.12492870499180155
5,585,0.09045070204018307,0.4664494608641688,0.20704367388100225,0.3306958343030021,0.028857342331859437,0.02373749127298115,0.1699635404545807,0.07439298735551936,05585,0.14465143315807538
5,591,0.082080674813453,0.45047042283983996,0.16129555531523737,0.24451173353520061,0.0076240943008543316,0.01914134313831513,0.1866010598031794,0.10522331566994701,05591,0.13899369332432346
5,604,0.10008748906386701,0.5039370078740157,0.16819772528433946,0.2847331583552056,0.007611548556430446,0.006649168853893263,0.30621172353455817,0.10087489063867017,05604,0.16968481426905807
5,607,0.04137993073359421,0.3187604012054154,0.22016821841406917,0.2778302523276211,0.00728646606395898,0.002563756578059641,0.15198128907479871,0.03413844285521522,05607,0.1042267164865942
5,615,0.02859319247885178,0.27455398308142565,0.20077777332317684,0.2919135629234655,0.010279437116625907,0.00781782464017961,0.0318726696868861,0.0341097702762298,05615,0.0761858056496244
5,628,0.08852621167161226,0.5438921859545005,0.20338773491592482,0.3662215628090999,0.0028437190900098912,0.07047477744807122,0.258160237388724,0.1815034619188922,05628,0.1932222688749441
5,631,0.01734742912061509,0.17203267659778954,0.19957952907256127,0.2590701585776069,0.012145603075444497,0.0019581931763575206,0.01667467563671312,0.014115809706871697,05631,0.055451984506960456
5,642,0.13875160168405637,0.6032094697663066,0.20959179937763134,0.305631826224907,0.0054914881933003845,0.021111721276465923,0.511928732686558,0.061992800048813225,05642,0.2237157467675857
5,647,0.07350689127105667,0.5076569678407351,0.20321592649310874,0.31868300153139356,0.003675344563552833,0.022817764165390504,0.5275650842266463,0.10735068912710567,05647,0.21410297398584285
5,649,0.0852943159598139,0.48573932978221296,0.2303283662598611,0.3463690917672443,0.013552693682152249,0.00937226080507046,0.13775200593351764,0.04780527273953206,05649,0.1340094123945142
5,652,0.15448275862068966,0.5813793103448276,0.24637931034482757,0.3456896551724138,0.017241379310344827,0.04551724137931035,0.3482758620689655,0.09051724137931035,05652,0.20875624721036623
5,656,0.07572088928021131,0.41404358353510895,0.2049306625577812,0.3391297967569154,0.011592926847164136,0.019957443686257247,0.19076968229510602,0.08658008658008658,05656,0.1413359393265794
5,658,0.05750394944707741,0.4518167456556082,0.1674565560821485,0.26919431279620853,0.008530805687203791,0.00631911532385466,0.25876777251184835,0.05781990521327014,05658,0.14008769181975542
5,659,0.10741910384914641,0.4572749324911895,0.18458510686987964,0.3156208522129159,0.0018307474026271226,0.1654537965124262,0.8611378095107327,0.18884159458098768,05659,0.3122496904283484
5,660,0.08064657055482743,0.4709480122324159,0.21013543031891654,0.28597640891218873,0.00926168632590651,0.013018785495849715,0.3557885539536916,0.06998689384010486,05660,0.1710898820560353
5,664,0.03333896491524469,0.33536070282142255,0.17869009404741792,0.307484372360196,0.004843160443768655,0.004617897167314299,0.15689587205045896,0.0481500253421186,05664,0.1068525990914625
5,665,0.10992542290668769,0.48666100770023646,0.1796822894561329,0.33117079973322017,0.008730976778027042,0.16306918086460923,0.5535984963317772,0.19747771781968107,05665,0.2606997458679493
5,667,0.08089079360220403,0.4822070865539144,0.23708578862784113,0.34307798270452283,0.014999617356700084,0.026631973674140965,0.35876635800107143,0.052881304048366114,05667,0.177864245442377
5,670,0.09097421203438395,0.5148225699801631,0.21456909852325326,0.3441701564910734,0.01471236499889795,0.014822569980163104,0.3154066563808684,0.07576592461979281,05670,0.17522407847410537
5,674,0.06730969760166841,0.4966110531803962,0.21605839416058395,0.30620437956204377,0.008550573514077163,0.0046923879040667365,0.14071949947862356,0.05907194994786236,05674,0.12962352160469737
5,679,0.07962267525035766,0.49490343347639487,0.25697424892703863,0.34003934191702434,0.01640736766809728,0.006616595135908441,0.1668007868383405,0.055659871244635194,05679,0.14172941194330324
5,686,0.05067139599695972,0.41750063339244997,0.1809285533316443,0.27853432987078797,0.01045097542437294,0.0022485431973650874,0.3253103623004814,0.05903217633645807,05686,0.14918315408033142
5,690,0.07985059559862709,0.5077730668281849,0.23864324651726226,0.3734100545124167,0.009993943064809207,0.0045427013930950935,0.5302846759539673,0.06703008277811427,05690,0.21234687779076966
5,697,0.0532813099654599,0.4259946270947934,0.21747473455289754,0.2835486759626455,0.01279263144428809,0.0010234105155430473,0.06872841243443777,0.05823845465012153,05697,0.10543411213643568
5,736,0.08919407511080009,0.43594005131793795,0.16477140191275952,0.28787613715885235,0.013762537905295079,0.006968742710520177,0.2735304408677397,0.11986820620480522,05736,0.15903420368502286
5,756,0.0790418797175554,0.5120221572924276,0.2115290966642318,0.30423666910153396,0.022218164110056,0.00620891161431702,0.3551862673484295,0.05091916240564889,05756,0.17257039856653486
5,761,0.06826685492410872,0.43586304271090714,0.22675608895164137,0.30236498411577833,0.012072008471584893,0.021602541475467703,0.1567243205082951,0.0922696787857395,05761,0.1361258827059768
5,789,0.0868238197285538,0.5032144944476914,0.254691863107994,0.3882070264302877,0.010844860055847783,0.01604000259757127,0.24650951360477952,0.04480810442236509,05789,0.1606580401444812
5,790,0.13868041237113402,0.5394639175257732,0.16305154639175257,0.2531546391752577,0.00820618556701031,0.07534020618556701,0.29896907216494845,0.1598762886597938,05790,0.1972279437402462
5,792,0.1361457334611697,0.5230105465004794,0.21412591882390541,0.3568232662192394,0.020134228187919462,0.009427932246724193,0.3913390859699585,0.08772770853307767,05792,0.200575471748196
5,809,0.0934377838328792,0.5115803814713896,0.26180744777475023,0.3810172570390554,0.012375113533151681,0.0121480472297911,0.18539963669391463,0.038374205267938236,05809,0.14973530720821743
5,819,0.11368587839176074,0.5302040007922361,0.20122796593384829,0.35848682907506435,0.009902951079421667,0.07427213309566251,0.28025351554763317,0.14755397108338283,05819,0.1954074055655024
5,837,0.08600006701739102,0.3988875113091847,0.16902623730858157,0.3103910464765607,0.012138524947223804,0.048797037831317225,0.5869299333176959,0.1593338471333311,05837,0.22800998323388108
5,842,0.1302619958787165,0.5688843096850162,0.2219605534294966,0.310126582278481,0.002207830438622314,0.014718869590815425,0.5322343244038857,0.12834854283191052,05842,0.2337338090831324
5,847,0.1380512627214474,0.5289923357205679,0.20869455961804248,0.2859655735645182,0.02186204297022239,0.006502073124764417,0.3420655861289107,0.11040959919587888,05847,0.19104594386759988
5,854,0.14030087094220112,0.5858273950910531,0.1789390340459224,0.33578780680918446,0.00665083135391924,0.018764845605700714,0.4784639746634996,0.10261282660332542,05854,0.22259463690689957
5,856,0.09637046307884856,0.482031110316467,0.246558197747184,0.3459681745038441,0.008939746111210442,0.0182370820668693,0.14428750223493653,0.03718934382263544,05856,0.13714203634314276
5,858,0.10742705570291777,0.5155614500442086,0.1907161803713528,0.3224580017683466,0.014323607427055704,0.016180371352785147,0.19124668435013262,0.09540229885057472,05858,0.1557717876995695
5,861,0.10408125232948193,0.49385016772269846,0.23462541930674619,0.3503540812523295,0.01630637346254193,0.014535967200894522,0.11954901229966455,0.03988073052553112,05861,0.13501892704397853
5,873,0.14199192462987886,0.4244055630327501,0.1917900403768506,0.2873485868102288,0.012898160610139075,0.1405338716913414,0.9484073575594437,0.164535666218035,05873,0.3231453827645735
5,885,0.1320319704887796,0.5442668306178912,0.21072855825391945,0.31494005533353825,0.005840762373193975,0.0205963725791577,0.362434675683984,0.06824469720258224,05885,0.19090378910255337
5,887,0.07224414627729545,0.4340962904498816,0.1887661141804788,0.3027887398053144,0.023388581952117862,0.003972638779268614,0.2205735332807156,0.05935280189423836,05887,0.1386382957447961
5,890,0.08872429688713938,0.5305847620034184,0.22732687626249548,0.31144144610762936,0.0065779251048842385,0.00932304345574144,0.5607810638628477,0.08846532345781323,05890,0.2211987070139119
5,893,0.09314145088808046,0.4637812968114701,0.19157928525572437,0.3404130109137599,0.02166702332548684,0.06366359940081318,0.29279905842071474,0.10897710250374491,05893,0.17884822519592875
5,895,0.12888942077549068,0.49293920536141694,0.1778362853039732,0.3141056326791128,0.010651029200574438,0.06306845380564864,0.528203287059199,0.18003031753630125,05895,0.2400863115135953
23,1,0.061100345942947526,0.31888968430363523,0.19295595692766682,0.27873144257834315,0.007038795833692519,0.04945335017447069,0.12701128531110503,0.1149913607963809,23001,0.12249086022455793
23,68,0.1384817701881111,0.4730984009605672,0.2114200766166689,0.3292039108807105,0.010863557529207722,0.3266881396634203,0.825192018144047,0.19020755112542645,23068,0.34193727145891933
23,79,0.13552461860072054,0.48143041409064624,0.20646710848196415,0.3667215229284348,0.013298936974603033,0.2870613352310635,0.3496864297469199,0.1820931370368723,23079,0.2485041449967841
23,90,0.14023914738757473,0.5262542240707044,0.1919027813880946,0.2945801923576813,0.009033012737197817,0.12171822199116195,0.8550168962828177,0.2521445282037952,23090,0.32696134691248935
23,162,0.07696789518502473,0.35753768468858776,0.21145255986972825,0.3208165887326889,0.010659276633252163,0.2094581472130511,0.14771352166962964,0.16679863154906852,23162,0.1711873326294507
23,168,0.16529511145021528,0.43958798844623687,0.22344541936890294,0.4266172543462859,0.01068178102348902,0.5276581830072483,0.6997111559213036,0.1381546678293095,23168,0.3504348562587221
23,182,0.1161500022111175,0.4328483615619334,0.2144341750320612,0.3770397558926281,0.001967894573917658,0.13998584884800777,0.1387918453986645,0.1712289391058241,23182,0.1762961003671532
23,189,0.1396036530575569,0.4368965348233103,0.20996912218791355,0.3399173324184352,0.005636426015781993,0.3019327223120783,0.3480207159077913,0.22071917528468035,23189,0.25154104397632576
23,300,0.10596171536203951,0.40702615094835515,0.21424503920452057,0.350913312015419,0.012922160410004819,0.32029436243374654,0.15195584563493802,0.16312584870121336,23300,0.20111460281976287
23,350,0.13388226141078838,0.453125,0.199948132780083,0.3254668049792531,0.013679979253112033,0.09984439834024897,0.7728864107883817,0.191649377593361,23350,0.2928961549347156
23,417,0.09936738650052253,0.389196907932,0.2158863369843562,0.33545268162708514,0.009437348926631194,0.16400086156693497,0.32696465182325113,0.15009612853302273,23417,0.20248912723248563
23,419,0.1313504526140772,0.5066814459018413,0.20370712482295708,0.31128764086458527,0.007081716854486114,0.18141511176796601,0.8815197980171193,0.18744996613091938,23419,0.32870436712480217
23,464,0.11576648951509907,0.3814938408931735,0.21686647715568738,0.3391834548675483,0.006715280352655214,0.29267086886664195,0.2596712396489927,0.13648910311869156,23464,0.21049183110840736
23,466,0.09357850249164196,0.4070312664269644,0.1861267057759835,0.28883071553228623,0.014045711642381043,0.07752475872074686,0.40135410752959483,0.1409091864841565,23466,0.19710860727922672
23,500,0.11586424117760494,0.4428874461657132,0.20026354695635407,0.35893809860512954,0.00809924792697821,0.428006685093527,0.7117696213922993,0.20113132351995885,23500,0.33286605096480265
23,555,0.10015201914538148,0.4121223979891329,0.2103433224461536,0.29341200198678485,0.012447508240641792,0.15703126175890667,0.946943813121811,0.16955402700221256,23555,0.31924601856865364
23,570,0.1350184307530279,0.45942601369141656,0.21361242759347024,0.36503422854133755,0.0027119536598209583,0.27527646129541866,0.15924170616113745,0.19942074776198,23570,0.21152949165755214
23,574,0.11203842981221797,0.47867436556844095,0.209471590082003,0.3312145179290601,0.011645397641806977,0.21345043427628707,0.9458003784754233,0.2590615750400311,23574,0.35373021947533406
23,580,0.12872828353022933,0.4980403057678944,0.183544127866574,0.3091591382904795,0.011758165392633774,0.14857539958304378,0.5534120917303683,0.2175677553856845,23580,0.26532223781338043
23,586,0.13519746324589219,0.3949264917843759,0.2246756990487172,0.4383972326318824,0.006745459786682041,0.3662727010665898,0.40524646872297493,0.2083597578552897,23586,0.2728264956587756
23,660,0.10430245545016587,0.40847488706262813,0.21787327676740736,0.32325926419843637,0.011402090383236927,0.1819750287552718,0.34179599593258764,0.1519861974695361,23660,0.21064993542005825
23,670,0.19288594273218068,0.47073395749333696,0.19809676758012712,0.4340531674981207,0.004698284698968086,0.4161313469555115,0.8993200300690221,0.27113373880954006,23670,0.39830089173891775
23,672,0.10161784921222375,0.38185999788516445,0.20231045786190124,0.3737443163794015,0.006000845934228614,0.2769641535370625,0.2995400232631913,0.17143385851750026,23672,0.2199168676184763
23,675,0.11156604732591631,0.45645789800643816,0.21528209182809058,0.3348958039193539,0.015869430168859774,0.3214547918902129,0.4196080646072175,0.17148585305246514,23675,0.25732831643991905
23,678,0.12450668808717215,0.4706806831278595,0.21971152167079944,0.3438340376488667,0.006950022701079174,0.3068138162260329,0.5909964027520693,0.2044843362553697,23678,0.296119551536914
23,682,0.159874038636226,0.5102646399806213,0.1870041785260098,0.279900684309332,0.010718827590383334,0.2591291709562163,0.6455519893417307,0.22140132017198572,23682,0.30572205269559644
23,686,0.09118268553499392,0.4109303963629378,0.2348402382019594,0.3912243068451047,0.007411794838957546,0.4906832298136646,0.5892136774028303,0.1462828968431837,23686,0.307673299641072
23,807,0.1345652588526987,0.47712390599504123,0.19705863654665282,0.3055055203543199,0.019517260378478035,0.24542795990591026,0.6678887028756701,0.2858081332513933,23807,0.3139041551526882
23,815,0.21638278962015356,0.5128873865341745,0.1953287777016887,0.36003088893098073,0.004196232133230371,0.6612271064939607,0.7152681654597642,0.26408578963472384,23815,0.405307422882943
23,855,0.13360874848116647,0.4791980558930741,0.2014580801944107,0.3145078979343864,0.0008748481166464155,0.15066828675577157,0.48369380315917376,0.16473876063183476,23855,0.24351746172279243
27,1,0.08935625066723604,0.3048696792691668,0.19039485122542665,0.259573884000061,0.014061522975796489,0.025568485107291556,0.855724503957663,0.0816315636962589,27001,0.25126257939529917
27,6,0.08513011152416357,0.42431226765799257,0.18810408921933086,0.2826022304832714,0.007732342007434944,0.08089219330855019,0.40691449814126396,0.1266914498141264,27006,0.195587983777815
27,25,0.19843298969072165,0.38643298969072165,0.19014432989690722,0.32569072164948454,0.0019793814432989693,0.4157938144329897,0.8629690721649484,0.5254432989690722,27025,0.41994571442994105
27,50,0.13986124251024915,0.4323557237464522,0.21475875118259224,0.2912330495111952,0.026017029328287606,0.06338694418164617,0.7379375591296121,0.06370230211289814,27050,0.2580309741505135
27,73,0.20849170297580422,0.41281171780847314,0.22128487994808566,0.22267544266246408,0.013720218781867062,0.018448132010753685,0.7901177343098174,0.35209047928061554,27073,0.3147887944543979
27,75,0.09267768110274709,0.3848861081239613,0.1965979079088865,0.2198650894515593,0.00723433375696549,0.06765079675432593,0.29445693616189267,0.1611105679929612,27075,0.1726675640816151
27,77,0.20518457920032723,0.4461090091011351,0.20636056856529297,0.24327640863073935,0.007516105941302791,0.2208303507516106,0.6718989671745578,0.3827078433377646,27077,0.332555354529952
27,99,0.15695952615992104,0.39448705292732933,0.21656921558204875,0.18201837649024225,0.005998936897258713,0.129850406257119,0.9041688814640444,0.3635052016098413,27099,0.3411333637698709
27,135,0.13704206241519673,0.4316485753052917,0.20675033921302577,0.2581411126187246,0.0047489823609226595,0.03426051560379918,0.8229308005427408,0.06919945725915876,27135,0.26511911172621255
27,150,0.13747454175152748,0.4495926680244399,0.19464649403549608,0.2536368926389293,0.002909514111143439,0.10205120744835612,0.9006400931044516,0.2505819028222287,27150,0.3214480576532237
27,160,0.14065430297978745,0.40550114607209836,0.2110856428422588,0.29464471764951033,0.010002083767451552,0.14732235882475517,0.9591581579495728,0.051885809543654925,27160,0.3066962984727388
27,205,0.10280597969461987,0.3630985690302982,0.19745783036213926,0.3296826285074746,0.01319050283795667,0.007354704612678871,0.7688864017907107,0.06515308977536174,27205,0.24212670645215595
27,245,0.12624501992031872,0.4810756972111554,0.21588645418326693,0.26307270916334663,0.008092629482071713,0.014317729083665338,0.4759711155378486,0.1291085657370518,27245,0.211555564801156
27,250,0.15151515151515152,0.4367535949305386,0.2072467300349338,0.275814444715249,0.007880412706149972,0.18539280201478592,0.8807376716223901,0.34844422780079615,27250,0.35149180123867185
27,361,0.10211607389026744,0.36248966087675766,0.17872897711607388,0.22673697270471463,0.00975323959194927,0.00816790736145575,0.9689481665288117,0.08012820512820513,27361,0.2737502467507215
27,372,0.11531966224366706,0.41930036188178527,0.19662243667068757,0.348854041013269,0.01158021712907117,0.02991556091676719,0.501568154402895,0.3420989143546441,27372,0.25135056554333446
27,413,0.17986366019926586,0.4130047194546408,0.2951232302045097,0.24509701101206083,0.007131620346093341,0.14861038280020974,0.9640272679601468,0.34231777661248036,27413,0.3667359934220511
27,425,0.17676518883415435,0.4793103448275862,0.1647783251231527,0.193431855500821,0.0034482758620689655,0.050492610837438424,0.9651888341543514,0.1132183908045977,27425,0.30619620682932996
27,430,0.23930062630480167,0.5129175365344467,0.20863778705636743,0.27426931106471814,0.020159185803757827,0.19376304801670147,0.9018789144050104,0.23740866388308976,27430,0.36196451172589134
27,450,0.16591639871382638,0.4361200428724544,0.2282958199356913,0.25241157556270094,0.012433011789924973,0.016291532690246517,0.9327974276527331,0.1515541264737406,27450,0.303851905902526
27,491,0.15451928612550375,0.47541738629821534,0.20345423143350605,0.19389752446747266,0.0057570523891767415,0.014968336211859529,0.7062751871042027,0.0634427173287277,27491,0.24251783675606042
27,495,0.14627813040969417,0.43537218695903057,0.21436814772071552,0.2671667628390075,0.0051933064050779,0.2740911713791114,0.4746105020196192,0.36872475476053085,27495,0.2923112452374734
27,580,0.21876821449387993,0.5671264814455023,0.2381970079658053,0.3648727414027589,0.0038857586943850785,0.08024091703905188,0.24091703905187487,0.16184184962113854,27580,0.21613904204052095
27,600,0.17716340193404415,0.46714604512769653,0.19724770642201836,0.22836598065955865,0.00880238036201339,0.1603025043392016,0.8973468881725762,0.1169104884701215,27600,0.31543331793357327
27,615,0.1540029705565425,0.49040393744357397,0.1671374901709526,0.2760287736261176,0.005285843259457728,0.052654570871072025,0.8871770975915193,0.1713457786061683,27615,0.3043018643204578
27,660,0.1641343462614954,0.5647740903638545,0.1955217912834866,0.23190723710515793,0.005197920831667333,0.07916833266693322,0.4146341463414634,0.14294282287085167,27660,0.2239478969407163
27,745,0.17981843575418993,0.4556564245810056,0.18016759776536312,0.19343575418994413,0.012569832402234637,0.051675977653631286,0.9392458100558659,0.10963687150837989,27745,0.30108509253928456
27,787,0.1375775709219858,0.39472517730496454,0.21054964539007093,0.25354609929078015,0.014239804964539008,0.04521276595744681,0.9179964539007093,0.12283909574468085,27787,0.2909496268251209
27,800,0.11628282828282828,0.45745454545454545,0.1869090909090909,0.2606868686868687,0.008242424242424242,0.088,0.4972929292929293,0.21107070707070708,27800,0.23501584800562086
27,810,0.10876884789928268,0.4055043185477968,0.18269653052261747,0.25940565070999855,0.019616454399063094,0.04713804713804714,0.886253842775582,0.07363489972185625,27810,0.27188582939938355
52,1,0.036096530097484494,0.3237623035496101,0.20163662773929322,0.279188975180522,0.03542268625096357,0.01649475345705491,0.05683885955206427,0.07378459021379466,52001,0.09623745224734741
52,19,0.08682502213042195,0.5385069341988787,0.22086161109471822,0.46628799055768666,0.022499262319268222,0.12570079669519033,0.29094128061375035,0.06226025376217173,52019,0.1962596428594829
52,22,0.05010786428711512,0.5279466562070995,0.21445381447342615,0.313885075505001,0.021768974308687978,0.012845656010982545,0.15973720337321043,0.12090606001176701,52022,0.14621863405770835
52,36,0.06728657197247034,0.5458339434763508,0.24447210426123883,0.3012154048909064,0.03726753551032362,0.1342802752965295,0.16656904378386295,0.06640796602723678,52036,0.1648959676679379
52,51,0.10595553742606567,0.5208035896389965,0.21864164797063024,0.46706098307158883,0.012441362431164593,0.11176830511931471,0.33673261268611054,0.1691821333877218,52051,0.22139872418896595
52,79,0.18780078948791434,0.4887254636889634,0.17722922186773374,0.23465635645920077,0.011463797112420916,0.01662791326447845,0.9271616287243822,0.20572649110474234,52079,0.3162940566914902
52,83,0.06549966336443205,0.4712897951332115,0.21496585553525055,0.4128113879003559,0.012503606809656632,0.10454938924689815,0.1309993267288641,0.11387900355871886,52083,0.15720439526264318
52,110,0.09385608236654605,0.5906666169284143,0.23258850300294698,0.32211735740664754,0.029469914574551424,0.04580893050322677,0.3308091170216734,0.1020628940202186,52110,0.19613550908317243
52,203,0.12194051146965207,0.5626166172758205,0.2329052793326748,0.34496762155636046,0.013609922072220393,0.06464712984304687,0.26078366809351333,0.040939523652727475,52203,0.1783606054610772
52,207,0.09779596977329975,0.5496221662468513,0.22814861460957178,0.3850755667506297,0.02260705289672544,0.2630352644836272,0.1172544080604534,0.08104534005037783,52207,0.1874894773735649
52,210,0.06456346294937637,0.518918352373965,0.23676763441987214,0.38968661565873597,0.02148621737763337,0.004716486741431716,0.14359081857247669,0.16822136044439787,52210,0.1578534681755751
52,215,0.07100403311398854,0.5037147102526003,0.21226915729144555,0.30768414349395035,0.009286775631500743,0.014752706431755466,0.11690723837826364,0.2089259180641053,52215,0.1533144814930335
52,224,0.05419847328244275,0.5458778625954198,0.21091603053435115,0.4116030534351145,0.007862595419847329,0.006793893129770992,0.5313740458015267,0.1881679389312977,52224,0.23268205852652615
52,227,0.07441549078174889,0.5145741064991245,0.19533422597589864,0.3375991348233598,0.010196724688433412,0.00517561025852302,0.16322484292924092,0.12035225048923678,52227,0.14790856188185308
52,233,0.06312952191800256,0.5115619236771173,0.18116044829053765,0.3542346432118031,0.003972194637537239,0.018442332245708612,0.22428713292665625,0.08199744644630444,52233,0.15215314506561092
52,240,0.08285328212787142,0.4877320247493066,0.21349832871061802,0.3436455444136263,0.01749519948794538,0.048218476637508,0.11222530403243013,0.1352677618946021,52240,0.14901002986825246
52,250,0.17000596811322363,0.4384005456560662,0.18428681046977577,0.22913291840736635,0.006053371983971353,0.08078267541989939,0.8717281950720437,0.19413419728877143,52250,0.3060188147752586
52,254,0.12417421091264987,0.5962808906288231,0.21690726694396867,0.3317837044286763,0.013090286273550281,0.04587717151945192,0.41142647418644485,0.06899926596525569,52254,0.20968739252437416
52,256,0.09615617800412271,0.5813022917424518,0.2130471686673942,0.4269431308354553,0.011640596580574755,0.04425851824906026,0.26167091063417003,0.10888808051412635,52256,0.18751265341090462
52,258,0.08064033512866547,0.584230999401556,0.18701376421304608,0.40514661879114305,0.03702872531418312,0.018626570915619388,0.4860861759425494,0.133901855176541,52258,0.22583990283616506
52,260,0.07952456806763877,0.558142384511702,0.2394314422252175,0.3595147653473839,0.011824531307437814,0.11028060286729567,0.1852101458154638,0.11328268594534983,52260,0.1769574093992268
52,287,0.10075725704669752,0.5629995793016407,0.23601177955405975,0.36485065208245687,0.025452250736222128,0.019877997475809844,0.214135464871687,0.11905763567522086,52287,0.17443100551887378
52,317,0.07613423247276645,0.5292685846534456,0.2089701129244643,0.39774949124137104,0.0038306532061769282,0.025976617054387294,0.09053908463349428,0.11667531223813894,52317,0.14292860861662263
52,320,0.06894243641231593,0.6044176706827309,0.22690763052208834,0.3321285140562249,0.03159303882195449,0.05381526104417671,0.0895582329317269,0.12945113788487284,52320,0.15450949941655454
52,323,0.04832380311694136,0.4969166946967149,0.21908285682251374,0.4064356990694024,0.022424038569346338,0.034196658818253164,0.1206413275030833,0.11043838995403073,52323,0.1435257124285429
52,352,0.07013479359730412,0.5643428812131424,0.21777590564448188,0.388374052232519,0.015796124684077505,0.0057919123841617525,0.12742207245155854,0.20334877843302443,52352,0.1643910601718747
52,354,0.07013387039450301,0.512735457884137,0.22497334439047506,0.48145954270820995,0.03352683331358844,0.00995142755597678,0.29901670418196896,0.11692927378272716,52354,0.18528292798332452
52,356,0.04886903331150693,0.4226309376787209,0.1891934454491956,0.246317831063664,0.022436986630639293,0.016850533365382225,0.20115376008089583,0.10000082885063283,52356,0.1350790714436237
52,378,0.08930811765252544,0.5036476000185865,0.22433901770363832,0.36606105664234934,0.013846940197946193,0.04075089447516379,0.09051623995167511,0.07290553412945495,52378,0.13773746265021924
52,381,0.10640130955457913,0.5761178599121219,0.24080296372878435,0.5617299905229602,0.03627121564573103,0.06565003876970793,0.09175497544585164,0.13905401912638926,52381,0.17818650343875997
52,385,0.06900664508434146,0.48628386437212473,0.19662634179587665,0.41114329528028626,0.018231385244505027,0.06713239052649514,0.3128301243823479,0.084341455103084,52385,0.18120779672731696
52,390,0.15487571701720843,0.4504461440407903,0.2004461440407903,0.2566921606118547,0.010197578075207138,0.11854684512428298,0.9982472912683238,0.11488209050350542,52390,0.3236968987051064
52,399,0.09794617728467425,0.49419672970018375,0.21654687972460634,0.44504919405484616,0.06201009466657363,0.26050752448072945,0.5622543204707743,0.09759728327867327,52399,0.27360054918058985
52,405,0.12475959528388661,0.599381219165482,0.1966719625386738,0.36357554979513335,0.015051425704490341,0.12492683334726984,0.5084873317166987,0.1015971235053098,52405,0.24700070218664139
52,411,0.09603559870550162,0.5923139158576052,0.23737864077669904,0.35889967637540454,0.011731391585760517,0.08114886731391585,0.17022653721682848,0.10145631067961165,52411,0.1735306945708577
52,418,0.08980183663605606,0.5508941517641373,0.21556307394876753,0.3879168680521991,0.02957950700821653,0.048042532624456256,0.19536007733204447,0.09801836636056066,52418,0.16922471730134733
52,427,0.16297087897408497,0.49062249532460595,0.18856532193427733,0.34181138124499066,0.018380977825273846,0.010793481164841037,0.9846112743788406,0.18071065989847715,52427,0.32556540973136117
52,435,0.08066346573548669,0.5148843299869053,0.2112614578786556,0.349628982976866,0.020165866433871672,0.014753382802269751,0.27132256656481885,0.09742470536883457,52435,0.16942379390548434
52,473,0.12370621843172973,0.4113604371946675,0.16403080235157738,0.24567359443570422,0.009605034362838454,0.0332036101680881,0.9951146807982115,0.04736275565123789,52473,0.28572951631822624
52,480,0.06208924247665168,0.5148737461086129,0.211864406779661,0.40989277066758906,0.012452438602559669,0.015219647180906262,0.08024904877205119,0.15755793842960913,52480,0.14400858407763945
52,490,0.16957750842272393,0.4897571931998606,0.17867792278201602,0.2837393021724819,0.011656275413391162,0.05735197304728343,0.9560469349029934,0.14990512333965844,52490,0.31873332317104036
52,506,0.06516601012943163,0.5741136747326956,0.21676983680360157,0.362183455261677,0.027799662352279122,0.050647158131682614,0.08261114237478898,0.13719752391671355,52506,0.15139510666978698
52,520,0.17389736810479509,0.5022232904698954,0.18327124143732723,0.24263910587669751,0.007210671794255498,0.019468813844489844,0.6680687417377719,0.09217642110323278,52520,0.24882761602462866
52,540,0.08169331693316934,0.5960434604346043,0.17425174251742517,0.2820828208282083,0.016297662976629768,0.08620336203362033,0.271320213202132,0.09706847068470685,52540,0.1815361084073265
52,560,0.05425121583095757,0.5710212980043602,0.23176253563642463,0.2559953043769915,0.009391246017105484,0.011235955056179775,0.02196880764715747,0.18992118061378502,52560,0.1332923054567393
52,565,0.05628313065169941,0.5282195198004366,0.20611163080760836,0.5534767695665731,0.01028999064546305,0.07234175241658872,0.32148425319613344,0.1100717181166199,52565,0.19849483646034904
52,573,0.054403567447045706,0.5024526198439242,0.23879598662207357,0.398216276477146,0.06555183946488294,0.007357859531772575,0.11817168338907469,0.14124860646599777,52573,0.15003248332595048
52,585,0.03924559700457634,0.5446771136689317,0.2165672814681274,0.3590348079323256,0.027226921832385707,0.01996949105533213,0.15624277723847826,0.15559561780612952,52585,0.15559994976702432
52,612,0.18848376170551903,0.5353157999601514,0.18041442518429965,0.3132596134688185,0.020073719864514842,0.13598326359832635,0.75139470013947,0.2524407252440725,52612,0.32091652824204225
52,621,0.19019956900590274,0.4737187295043568,0.17904993909866018,0.2754614447671695,0.010400074955495175,0.025297479621474748,0.9182985102595334,0.12798650801086855,52621,0.30452869687835105
52,678,0.12867718683031365,0.5797454380154555,0.20241574128190143,0.4305799077862199,0.05617247873238522,0.057925839340216896,0.2776478992142347,0.11357880381842977,52678,0.20243125434505146
52,683,0.09977388355002827,0.5134458531858193,0.2312040700960995,0.32976661552127917,0.019542921747557136,0.09613986917548252,0.047767100056529115,0.08850843898893644,52683,0.14271864619960486
52,685,0.08812615955473098,0.5450264021692593,0.21014699586128158,0.5433138290281148,0.022477522477522476,0.16283716283716285,0.48822605965463106,0.09490509490509491,52685,0.24924484208046474
52,687,0.11229968957127276,0.5937159157647454,0.2293816595351959,0.40145985401459855,0.02827418407584529,0.07307660038593841,0.48720530245825994,0.11133484352714154,52687,0.23931587741434407
52,693,0.1127655032554168,0.5379442843419788,0.2378055288718113,0.37165119009499414,0.03815775429608283,0.13480627601665066,0.6204504216031593,0.069164265129683,52693,0.2611394743911401
52,694,0.10950462194832898,0.5834320929130126,0.21154301967290828,0.35671960180137474,0.02927233941692344,0.14458402465039108,0.7249348186774117,0.10974164493955914,52694,0.2891861782216807
52,696,0.15753938484621155,0.4778694673668417,0.17393634122816418,0.2563498017361483,0.008787911263530169,0.032472403815239526,0.9592755331690065,0.13749866037938055,52696,0.30773039044559
52,699,0.10338632893200395,0.6134914218988593,0.1927602622833019,0.4770502110841642,0.020659301176681938,0.02137788556543609,0.5023803107877481,0.2062337195724423,52699,0.2518272055536058
52,720,0.0611623896946952,0.5660817527132569,0.21817628562734556,0.4411197890252561,0.018460290090272845,0.02170605538087027,0.11350035500557866,0.1951516380971701,52720,0.16506519381060628
52,786,0.12865101265163742,0.5413130629458011,0.2163273806424741,0.32014369761024625,0.012964023533086896,0.0751809236215963,0.33722080491487477,0.10345186650700265,52786,0.20126929569710952
52,788,0.06691253951527924,0.5776004817100707,0.22113502935420742,0.48283907872948967,0.03876260725575794,0.011816950173114557,0.1245672136083095,0.18146921571579105,52788,0.16987251786064306
52,835,0.10705379521076788,0.40574000770216606,0.1790059155160767,0.26268174270977357,0.012424477736320763,0.025688617839984343,0.6557573691420924,0.09111283673301894,52835,0.2277157383194741
52,838,0.05263047579123874,0.5269125969398449,0.2000419199329281,0.30662334940264097,0.042443932089708654,0.014965416055334312,0.2309369105009432,0.1426116118214211,52838,0.16412594840744638
52,885,0.08576605596939803,0.545533856788135,0.2198510167102879,0.41688477283403796,0.039393329306757936,0.0440238910140259,0.205959331588484,0.12764244010469097,52885,0.17724636719155987
76,1,0.030673754769559657,0.24750733414952214,0.2192406714028018,0.2787869306190505,0.019515557636860376,0.013093320621507485,0.03391978529894141,0.03250597966807855,76001,0.076151261259134
76,20,0.10058479532163743,0.48265107212475633,0.23586744639376217,0.3335672514619883,0.023625730994152046,0.02892787524366472,0.09380116959064327,0.055360623781676416,76020,0.1331157057526085
76,36,0.05053897405340989,0.3646064676886409,0.2402903418016359,0.38567791560587183,0.0033042630410053627,0.026109094848599752,0.06007258545040897,0.032013433725150316,76036,0.1042516404250076
76,41,0.0958150424348844,0.5200468247000293,0.22224173251390109,0.30810652619256657,0.01533508925958443,0.03061164764413228,0.23336259877085164,0.05455077553409424,76041,0.15859762933945432
76,54,0.12834842936982077,0.5486606282520717,0.237425322798227,0.29543264598188473,0.006745037579495085,0.02023511273848526,0.3172094815956832,0.08055502023511274,76054,0.18489820507427673
76,100,0.10656943644853835,0.4926757500159918,0.24972813919273332,0.30090193820763766,0.0012153777266039787,0.04439327064542954,0.24940830294889016,0.09818972685984775,76100,0.17066553210011265
76,109,0.08463420273424972,0.3411248760040872,0.18301050888668452,0.2851160154239728,0.013447496587781648,0.022617600334136356,0.31000469879248493,0.0989692490136265,76109,0.15606692934421854
76,111,0.0387923257352499,0.30377548565586093,0.23380645937330846,0.2886570036687316,0.015712395501293077,0.021583869609671017,0.050332290852228304,0.033935767125759304,76111,0.08878119907606134
76,113,0.07315703050730274,0.3984098176475672,0.23900267911157203,0.35532797511018926,0.022556390977443608,0.034612393051594505,0.12954800795091176,0.04645233774090399,76113,0.12780639922425335
76,122,0.09883664092286636,0.4504839182715808,0.2533646169387689,0.3343435330921889,0.039658487307328835,0.10346400756020464,0.17978296998729104,0.0412552546681005,76122,0.1577909174284478
76,126,0.05917792792792793,0.4164977477477477,0.2213400900900901,0.3152027027027027,0.017173423423423425,0.04791666666666667,0.22539414414414413,0.050844594594594596,76126,0.14350155188884972
76,130,0.044866608633314556,0.31540785498489426,0.1939064980285729,0.298274361206411,0.019089559117210303,0.009503814839469507,0.1035485687951252,0.04604434430846434,76130,0.09920929830749181
76,147,0.047565253112557666,0.33922928648170386,0.2409704228022499,0.31183245907855656,0.035344119319977246,0.018225052139290907,0.04837104215382671,0.03040668646906402,76147,0.09577007988857017
76,233,0.06956729619890031,0.44747788668419797,0.23322973942146785,0.2994023428161606,0.019340186469041357,0.02433660052593832,0.23946928042075066,0.06791776237150371,76233,0.14998653781784715
76,243,0.11953014069962566,0.5726087517748806,0.22240867432554537,0.3136698076674842,0.00516328901510262,0.03420678972505486,0.36465728669162256,0.06544468826642572,76243,0.19405673517930117
76,246,0.08584758942457232,0.5423017107309487,0.2516329704510109,0.27262830482115086,0.02177293934681182,0.018818040435458788,0.29284603421461897,0.05552099533437014,76246,0.1684789133505157
76,248,0.05159996512337606,0.33983782369866594,0.217996337954486,0.32346324875752025,0.02012381201499695,0.017717324962943586,0.11368035574156422,0.0388002441363676,76248,0.10793016352772593
76,250,0.125764929309981,0.5159316311458113,0.23074488288668496,0.29542097488921715,0.01487655623549272,0.07374973623127241,0.2566997256805233,0.07881409580080186,76250,0.17861292365392967
76,275,0.054175376075112226,0.3564575266422232,0.20796354041736628,0.3081245930850153,0.013740876537710311,0.01305554603707638,0.07668848302093685,0.046945139293424254,76275,0.10155584682801022
76,306,0.04469646430953969,0.35979541916833446,0.22770736046253057,0.28801423171002893,0.006626639982210363,0.006582165888370024,0.11220813875917278,0.057104736490994,76306,0.10688198805906834
76,318,0.05464866523473458,0.34746854863455046,0.22049708499539736,0.32982509972384166,0.020251610923596196,0.024854249769868057,0.04691623197299785,0.04756060141147591,76318,0.09999315616960372
76,364,0.03771565155547735,0.29312481211827934,0.19302143134710278,0.26698634054065945,0.010712007566592614,0.009780847429044864,0.09713393308844555,0.036953126718430374,76364,0.09043086334325112
76,377,0.07290084617053591,0.41418962898676503,0.2711361828306936,0.32913864178780644,0.026831561437766688,0.028278006798293193,0.18109495913791857,0.06451146307948218,76377,0.14168394063545015
76,400,0.06086564472497746,0.4117523294259092,0.22861436729786594,0.30931770363691014,0.025428313796212805,0.025007514277126542,0.07517282837391043,0.04592726179741509,76400,0.11181753833153801
76,403,0.08776882836502532,0.4265548451382546,0.27733953333886907,0.35074317030640206,0.017022336627086274,0.036037532176368015,0.12629743419413766,0.037781283733289046,76403,0.13300702227909206
76,497,0.09014335466105126,0.4731513728031101,0.2431359844496639,0.3663238033530412,0.028751923544180772,0.05693690775087066,0.16732809589373937,0.06803272049890662,76497,0.15355449133308702
76,520,0.03309311077140244,0.2961763784312422,0.22436913883851284,0.31006117921109516,0.021642185487265674,0.010371664498650133,0.05308000772256984,0.021528245932199635,76520,0.08489508660263961
76,563,0.08529536434048784,0.3833185619051289,0.2074293861508227,0.325671457747293,0.029767639011984124,0.017590844283457283,0.07886015953142461,0.07308003545142769,76563,0.11761538823227283
76,606,0.06275129236071224,0.4024985640436531,0.22372199885123492,0.30190982194141297,0.015939115450890294,0.0282165422171166,0.10532739804709937,0.06619758759333716,76606,0.11922488650236304
76,616,0.08701211715277354,0.45466723497533945,0.2391158740790355,0.3227790294099738,0.010290446325275529,0.04018754186202277,0.2445959934238568,0.041161785301102115,76616,0.15384495883434982
76,622,0.0459579690136524,0.35634299739223807,0.243319527534898,0.3084828961497162,0.015493173799662524,0.012885411872986655,0.08538119343457586,0.028992176714219973,76622,0.10113145543589937
76,670,0.05525581395348837,0.37296124031007755,0.21755038759689924,0.32632558139534884,0.011224806201550388,0.01786046511627907,0.08675968992248062,0.044837209302325584,76670,0.10713529473111186
76,736,0.07830139823925428,0.45973588814085964,0.2576126359399275,0.34634904194717764,0.022915587778353185,0.0361729673744174,0.15339202485758674,0.054816157431382705,76736,0.14125947899486582
76,823,0.09605662285136501,0.48051645018277983,0.24624718052422806,0.3168701874465272,0.012522361359570662,0.020300225558061755,0.1470794119934666,0.05110056778408649,76823,0.1385968069806934
76,828,0.09718627828864049,0.4995319640988932,0.23858818347007324,0.3066461097957161,0.013545509608501734,0.034909971917845936,0.25631848466494134,0.07554650074335113,76828,0.1662422233803944
76,834,0.04468597228243807,0.32542969197725585,0.21993152835294294,0.290092541374516,0.01630063737435652,0.01940528337992794,0.05148330318388175,0.02895842365710356,76834,0.09012075747859334
76,845,0.09256686349426885,0.46856547412295935,0.2349774227162209,0.2935046891281695,0.0038207711010767626,0.007815213615838833,0.12504341785342132,0.04654393886766238,76845,0.12706148177534343
76,863,0.09352009054895302,0.5,0.2562252405206565,0.35908319185059423,0.003395585738539898,0.004951895868704018,0.19977362761743067,0.042869269949066216,76863,0.14844285805542531
76,869,0.062278961442249633,0.3869576468558613,0.23600448546536704,0.32338480117312174,0.013370137151729493,0.01949452255671526,0.13654791684637282,0.0552919865436039,76869,0.12218621615304395
76,890,0.05896663577386469,0.40193466172381836,0.22439759036144577,0.31945088044485637,0.03585495829471733,0.023748841519925856,0.15813253012048192,0.05693929564411492,76890,0.12884362695223878
76,892,0.04261107928974716,0.3067261271581704,0.19636281809999181,0.28447958432206855,0.01892234678013256,0.013286555928320105,0.06430529416578021,0.05924228786515015,76892,0.09282110513848862
76,895,0.05626412252071303,0.32877228219934723,0.22056239015817222,0.32231985940246044,0.02166708511172483,0.020361536530253577,0.04448907858398192,0.04145116746171228,76895,0.09598853848610484
